img,output,flag,username,timestamp
flagged\img\4c36ec57f878e3288265\test4.jpg,,,,2025-02-14 01:11:23.320790
flagged\img\1b31a7b002dee463a301\test4.jpg,,,,2025-02-14 01:11:24.772940
flagged\img\f823088f7a546a792259\test6.jpg,Male,,,2025-02-14 01:12:06.223603
flagged\img\0c411146964e2074aa5e\test2.jpg,Male,,,2025-02-14 01:18:10.239253
,,,,2025-02-14 02:33:27.460678
,,,,2025-02-14 02:33:28.939263
,,,,2025-02-14 03:31:13.910293
,Female,,,2025-02-15 17:16:52.863981
flagged\Upload an Image\a0f1a3dd17921f9333ec\test.jpg,,,,2025-02-16 00:02:55.251823
flagged\Upload an Image\d19611fd238f06782715\clipboard.png,,,,2025-02-16 00:06:15.970210
